{"Sayan": {"holeCards": ["Td", "2s"], "communityCards": ["2h", "8s", "2c", "Kh", "9d"], "sp": 0, "hs": 0.9681818181818184, "ll": 0.0, "ul": 0.9681818181818184, "r": 0.6311205831131953, "betAmt": 12}, "Sourjya": {"holeCards": ["6h", "Ts"], "communityCards": ["2h", "8s", "2c", "Kh", "9d"], "sp": 0, "hs": 0.17424242424242387, "ll": 0.37499999999999994, "ul": 0.17424242424242387, "r": 0.03660264487282943, "betAmt": -1}}